<?xml version="1.0" encoding="UTF-8"?>
<GenRun Id="synth_1" LaunchPart="xc7a100tcsg324-1" LaunchTime="1640907062">
  <File Type="PA-TCL" Name="top_microscopio.tcl"/>
  <File Type="REPORTS-TCL" Name="top_microscopio_reports.tcl"/>
  <File Type="RDS-RDS" Name="top_microscopio.vds"/>
  <File Type="RDS-UTIL" Name="top_microscopio_utilization_synth.rpt"/>
  <File Type="RDS-UTIL-PB" Name="top_microscopio_utilization_synth.pb"/>
  <File Type="RDS-DCP" Name="top_microscopio.dcp"/>
  <FileSet Name="sources" Type="DesignSrcs" RelSrcDir="$PSRCDIR/sources_1">
    <Filter Type="Srcs"/>
    <File Path="$PSRCDIR/sources_1/imports/vhd/pkg_fun.vhd">
      <FileInfo>
        <Attr Name="ImportPath" Val="D:/carlo/UNIVERSIDAD/TFM/2 - VHDL/3 - UART+CAM/vhd/pkg_fun.vhd"/>
        <Attr Name="ImportTime" Val="1600537452"/>
        <Attr Name="UsedIn" Val="synthesis"/>
        <Attr Name="UsedIn" Val="simulation"/>
      </FileInfo>
    </File>
    <File Path="$PSRCDIR/sources_1/imports/vhd/pkg_ov7670.vhd">
      <FileInfo>
        <Attr Name="ImportPath" Val="D:/carlo/UNIVERSIDAD/TFM/2 - VHDL/3 - UART+CAM/vhd/pkg_ov7670.vhd"/>
        <Attr Name="ImportTime" Val="1600537452"/>
        <Attr Name="UsedIn" Val="synthesis"/>
        <Attr Name="UsedIn" Val="simulation"/>
      </FileInfo>
    </File>
    <File Path="$PSRCDIR/sources_1/imports/vhd/color_proc.vhd">
      <FileInfo>
        <Attr Name="ImportPath" Val="D:/carlo/UNIVERSIDAD/TFM/2 - VHDL/3 - UART+CAM/vhd/color_proc.vhd"/>
        <Attr Name="ImportTime" Val="1600537452"/>
        <Attr Name="UsedIn" Val="synthesis"/>
        <Attr Name="UsedIn" Val="simulation"/>
      </FileInfo>
    </File>
    <File Path="$PSRCDIR/sources_1/new/pkg_sum.vhd">
      <FileInfo>
        <Attr Name="ImportPath" Val="D:/carlo/UNIVERSIDAD/TFM/MICROSCOPIO/full_micro_v6/full_micro_v6.srcs/sources_1/new/pkg_sum.vhd"/>
        <Attr Name="ImportTime" Val="1627231650"/>
        <Attr Name="UsedIn" Val="synthesis"/>
        <Attr Name="UsedIn" Val="simulation"/>
      </FileInfo>
    </File>
    <File Path="$PSRCDIR/sources_1/new/comparador_sum.vhd">
      <FileInfo>
        <Attr Name="ImportPath" Val="D:/carlo/UNIVERSIDAD/TFM/MICROSCOPIO/full_micro_7.2/full_micro_7.2.srcs/sources_1/new/comparador_sum.vhd"/>
        <Attr Name="ImportTime" Val="1629056577"/>
        <Attr Name="UsedIn" Val="synthesis"/>
        <Attr Name="UsedIn" Val="simulation"/>
      </FileInfo>
    </File>
    <File Path="$PSRCDIR/sources_1/imports/vhd/debounce.vhd">
      <FileInfo>
        <Attr Name="ImportPath" Val="D:/carlo/UNIVERSIDAD/TFM/2 - VHDL/3 - UART+CAM/vhd/debounce.vhd"/>
        <Attr Name="ImportTime" Val="1600537452"/>
        <Attr Name="UsedIn" Val="synthesis"/>
        <Attr Name="UsedIn" Val="simulation"/>
      </FileInfo>
    </File>
    <File Path="$PSRCDIR/sources_1/imports/vhd/disp7seg_8dig.vhd">
      <FileInfo>
        <Attr Name="ImportPath" Val="D:/carlo/UNIVERSIDAD/TFM/2 - VHDL/3 - UART+CAM/vhd/disp7seg_8dig.vhd"/>
        <Attr Name="ImportTime" Val="1600537452"/>
        <Attr Name="UsedIn" Val="synthesis"/>
        <Attr Name="UsedIn" Val="simulation"/>
      </FileInfo>
    </File>
    <File Path="$PSRCDIR/sources_1/imports/vhd/edge_proc.vhd">
      <FileInfo>
        <Attr Name="ImportPath" Val="D:/carlo/UNIVERSIDAD/TFM/2 - VHDL/3 - UART+CAM/vhd/edge_proc.vhd"/>
        <Attr Name="ImportTime" Val="1600537452"/>
        <Attr Name="UsedIn" Val="synthesis"/>
        <Attr Name="UsedIn" Val="simulation"/>
      </FileInfo>
    </File>
    <File Path="$PSRCDIR/sources_1/imports/vhd/pkg_gral.vhd">
      <FileInfo>
        <Attr Name="ImportPath" Val="D:/carlo/UNIVERSIDAD/TFM/2 - VHDL/3 - UART+CAM/vhd/pkg_gral.vhd"/>
        <Attr Name="ImportTime" Val="1600537452"/>
        <Attr Name="UsedIn" Val="synthesis"/>
        <Attr Name="UsedIn" Val="simulation"/>
      </FileInfo>
    </File>
    <File Path="$PSRCDIR/sources_1/imports/vhd/pkg_vga.vhd">
      <FileInfo>
        <Attr Name="ImportPath" Val="D:/carlo/UNIVERSIDAD/TFM/2 - VHDL/3 - UART+CAM/vhd/pkg_vga.vhd"/>
        <Attr Name="ImportTime" Val="1600537452"/>
        <Attr Name="UsedIn" Val="synthesis"/>
        <Attr Name="UsedIn" Val="simulation"/>
      </FileInfo>
    </File>
    <File Path="$PSRCDIR/sources_1/imports/vhd/pkg_osc.vhd">
      <FileInfo>
        <Attr Name="ImportPath" Val="D:/carlo/UNIVERSIDAD/TFM/2 - VHDL/3 - UART+CAM/vhd/pkg_osc.vhd"/>
        <Attr Name="ImportTime" Val="1600537452"/>
        <Attr Name="UsedIn" Val="synthesis"/>
        <Attr Name="UsedIn" Val="simulation"/>
      </FileInfo>
    </File>
    <File Path="$PSRCDIR/sources_1/imports/vhd/flanco_restart.vhd">
      <FileInfo>
        <Attr Name="ImportPath" Val="D:/carlo/UNIVERSIDAD/TFM/2 - VHDL/3 - UART+CAM/vhd/flanco_restart.vhd"/>
        <Attr Name="ImportTime" Val="1600537452"/>
        <Attr Name="UsedIn" Val="synthesis"/>
        <Attr Name="UsedIn" Val="simulation"/>
      </FileInfo>
    </File>
    <File Path="$PSRCDIR/sources_1/imports/vhd/frame_buffer.vhd">
      <FileInfo>
        <Attr Name="ImportPath" Val="D:/carlo/UNIVERSIDAD/TFM/2 - VHDL/3 - UART+CAM/uart_cam2/uart_cam2.srcs/sources_1/imports/vhd/frame_buffer.vhd"/>
        <Attr Name="ImportTime" Val="1615147653"/>
        <Attr Name="UsedIn" Val="synthesis"/>
        <Attr Name="UsedIn" Val="simulation"/>
      </FileInfo>
    </File>
    <File Path="$PSRCDIR/sources_1/imports/vhd/oscop_bram.vhd">
      <FileInfo>
        <Attr Name="ImportPath" Val="D:/carlo/UNIVERSIDAD/TFM/2 - VHDL/3 - UART+CAM/vhd/oscop_bram.vhd"/>
        <Attr Name="ImportTime" Val="1600537452"/>
        <Attr Name="UsedIn" Val="synthesis"/>
        <Attr Name="UsedIn" Val="simulation"/>
      </FileInfo>
    </File>
    <File Path="$PSRCDIR/sources_1/imports/vhd/oscop_control.vhd">
      <FileInfo>
        <Attr Name="ImportPath" Val="D:/carlo/UNIVERSIDAD/TFM/2 - VHDL/3 - UART+CAM/vhd/oscop_control.vhd"/>
        <Attr Name="ImportTime" Val="1600537452"/>
        <Attr Name="UsedIn" Val="synthesis"/>
        <Attr Name="UsedIn" Val="simulation"/>
      </FileInfo>
    </File>
    <File Path="$PSRCDIR/sources_1/imports/vhd/oscop_display.vhd">
      <FileInfo>
        <Attr Name="ImportPath" Val="D:/carlo/UNIVERSIDAD/TFM/2 - VHDL/3 - UART+CAM/vhd/oscop_display.vhd"/>
        <Attr Name="ImportTime" Val="1600537452"/>
        <Attr Name="UsedIn" Val="synthesis"/>
        <Attr Name="UsedIn" Val="simulation"/>
      </FileInfo>
    </File>
    <File Path="$PSRCDIR/sources_1/imports/vhd/oscop_top.vhd">
      <FileInfo>
        <Attr Name="ImportPath" Val="D:/carlo/UNIVERSIDAD/TFM/2 - VHDL/3 - UART+CAM/vhd/oscop_top.vhd"/>
        <Attr Name="ImportTime" Val="1600537452"/>
        <Attr Name="UsedIn" Val="synthesis"/>
        <Attr Name="UsedIn" Val="simulation"/>
      </FileInfo>
    </File>
    <File Path="$PSRCDIR/sources_1/imports/vhd/ov7670_capture.vhd">
      <FileInfo>
        <Attr Name="ImportPath" Val="D:/carlo/UNIVERSIDAD/TFM/2 - VHDL/3 - UART+CAM/vhd/ov7670_capture.vhd"/>
        <Attr Name="ImportTime" Val="1600537452"/>
        <Attr Name="UsedIn" Val="synthesis"/>
        <Attr Name="UsedIn" Val="simulation"/>
      </FileInfo>
    </File>
    <File Path="$PSRCDIR/sources_1/imports/vhd/ov7670_ctrl_reg.vhd">
      <FileInfo>
        <Attr Name="ImportPath" Val="D:/carlo/UNIVERSIDAD/TFM/2 - VHDL/3 - UART+CAM/vhd/ov7670_ctrl_reg.vhd"/>
        <Attr Name="ImportTime" Val="1600537452"/>
        <Attr Name="UsedIn" Val="synthesis"/>
        <Attr Name="UsedIn" Val="simulation"/>
      </FileInfo>
    </File>
    <File Path="$PSRCDIR/sources_1/imports/vhd/ov7670_top_ctrl.vhd">
      <FileInfo>
        <Attr Name="ImportPath" Val="D:/carlo/UNIVERSIDAD/TFM/2 - VHDL/3 - UART+CAM/vhd/ov7670_top_ctrl.vhd"/>
        <Attr Name="ImportTime" Val="1600537452"/>
        <Attr Name="UsedIn" Val="synthesis"/>
        <Attr Name="UsedIn" Val="simulation"/>
      </FileInfo>
    </File>
    <File Path="$PSRCDIR/sources_1/new/pkg_util.vhd">
      <FileInfo>
        <Attr Name="ImportPath" Val="D:/carlo/UNIVERSIDAD/TFM/MICROSCOPIO/uart_cam/uart_cam.srcs/sources_1/new/pkg_util.vhd"/>
        <Attr Name="ImportTime" Val="1626375130"/>
        <Attr Name="UsedIn" Val="synthesis"/>
        <Attr Name="UsedIn" Val="simulation"/>
      </FileInfo>
    </File>
    <File Path="$PSRCDIR/sources_1/new/proc_serie.vhd">
      <FileInfo>
        <Attr Name="ImportPath" Val="D:/carlo/UNIVERSIDAD/TFM/MICROSCOPIO/uart_cam/uart_cam.srcs/sources_1/new/proc_serie.vhd"/>
        <Attr Name="ImportTime" Val="1626597065"/>
        <Attr Name="UsedIn" Val="synthesis"/>
        <Attr Name="UsedIn" Val="simulation"/>
      </FileInfo>
    </File>
    <File Path="$PSRCDIR/sources_1/new/ram_result.vhd">
      <FileInfo>
        <Attr Name="ImportPath" Val="D:/carlo/UNIVERSIDAD/TFM/MICROSCOPIO/full_micro_7.2/full_micro_7.2.srcs/sources_1/new/ram_result.vhd"/>
        <Attr Name="ImportTime" Val="1629053044"/>
        <Attr Name="UsedIn" Val="synthesis"/>
        <Attr Name="UsedIn" Val="simulation"/>
      </FileInfo>
    </File>
    <File Path="$PSRCDIR/sources_1/imports/vhd/sccb_master.vhd">
      <FileInfo>
        <Attr Name="ImportPath" Val="D:/carlo/UNIVERSIDAD/TFM/2 - VHDL/3 - UART+CAM/vhd/sccb_master.vhd"/>
        <Attr Name="ImportTime" Val="1600537452"/>
        <Attr Name="UsedIn" Val="synthesis"/>
        <Attr Name="UsedIn" Val="simulation"/>
      </FileInfo>
    </File>
    <File Path="$PSRCDIR/sources_1/new/step_motor.vhd">
      <FileInfo>
        <Attr Name="ImportPath" Val="D:/carlo/UNIVERSIDAD/TFM/MICROSCOPIO/full_micro_v6/full_micro_v6.srcs/sources_1/new/step_motor.vhd"/>
        <Attr Name="ImportTime" Val="1627576424"/>
        <Attr Name="UsedIn" Val="synthesis"/>
        <Attr Name="UsedIn" Val="simulation"/>
      </FileInfo>
    </File>
    <File Path="$PSRCDIR/sources_1/new/sumador_pxl.vhd">
      <FileInfo>
        <Attr Name="ImportPath" Val="D:/carlo/UNIVERSIDAD/TFM/MICROSCOPIO/full_micro_7.2/full_micro_7.2.srcs/sources_1/new/sumador_pxl.vhd"/>
        <Attr Name="ImportTime" Val="1629056344"/>
        <Attr Name="UsedIn" Val="synthesis"/>
        <Attr Name="UsedIn" Val="simulation"/>
      </FileInfo>
    </File>
    <File Path="$PSRCDIR/sources_1/new/top_autoenfoque.vhd">
      <FileInfo>
        <Attr Name="ImportPath" Val="D:/carlo/UNIVERSIDAD/TFM/MICROSCOPIO/full_micro_7.2/full_micro_7.2.srcs/sources_1/new/top_autoenfoque.vhd"/>
        <Attr Name="ImportTime" Val="1629133855"/>
        <Attr Name="UsedIn" Val="synthesis"/>
        <Attr Name="UsedIn" Val="simulation"/>
      </FileInfo>
    </File>
    <File Path="$PSRCDIR/sources_1/new/uart_rx.vhd">
      <FileInfo>
        <Attr Name="ImportPath" Val="D:/carlo/UNIVERSIDAD/TFM/MICROSCOPIO/uart_cam/uart_cam.srcs/sources_1/new/uart_rx.vhd"/>
        <Attr Name="ImportTime" Val="1626382880"/>
        <Attr Name="UsedIn" Val="synthesis"/>
        <Attr Name="UsedIn" Val="simulation"/>
      </FileInfo>
    </File>
    <File Path="$PSRCDIR/sources_1/new/top_uart_rx.vhd">
      <FileInfo>
        <Attr Name="ImportPath" Val="D:/carlo/UNIVERSIDAD/TFM/MICROSCOPIO/uart_cam/uart_cam.srcs/sources_1/new/top_uart_rx.vhd"/>
        <Attr Name="ImportTime" Val="1626443461"/>
        <Attr Name="UsedIn" Val="synthesis"/>
        <Attr Name="UsedIn" Val="simulation"/>
      </FileInfo>
    </File>
    <File Path="$PSRCDIR/sources_1/new/uart_interfaz.vhd">
      <FileInfo>
        <Attr Name="ImportPath" Val="D:/carlo/UNIVERSIDAD/TFM/2 - VHDL/3 - UART+CAM/uart_cam3/uart_cam3.srcs/sources_1/new/uart_interfaz.vhd"/>
        <Attr Name="ImportTime" Val="1618220733"/>
        <Attr Name="UsedIn" Val="synthesis"/>
        <Attr Name="UsedIn" Val="simulation"/>
      </FileInfo>
    </File>
    <File Path="$PSRCDIR/sources_1/new/uart_tx_nopar.vhd">
      <FileInfo>
        <Attr Name="ImportPath" Val="D:/carlo/UNIVERSIDAD/TFM/2 - VHDL/3 - UART+CAM/codigo_prueba/codigo_prueba.srcs/sources_1/new/uart_tx_nopar.vhd"/>
        <Attr Name="ImportTime" Val="1615292135"/>
        <Attr Name="UsedIn" Val="synthesis"/>
        <Attr Name="UsedIn" Val="simulation"/>
      </FileInfo>
    </File>
    <File Path="$PSRCDIR/sources_1/new/top_uart_tx.vhd">
      <FileInfo>
        <Attr Name="ImportPath" Val="D:/carlo/UNIVERSIDAD/TFM/MICROSCOPIO/full_micro_V3/full_micro_V3.srcs/sources_1/new/top_uart_tx.vhd"/>
        <Attr Name="ImportTime" Val="1627135411"/>
        <Attr Name="UsedIn" Val="synthesis"/>
        <Attr Name="UsedIn" Val="simulation"/>
      </FileInfo>
    </File>
    <File Path="$PSRCDIR/sources_1/imports/vhd/top_ov7670.vhd">
      <FileInfo>
        <Attr Name="ImportPath" Val="D:/carlo/UNIVERSIDAD/TFM/2 - VHDL/3 - UART+CAM/vhd/top_ov7670.vhd"/>
        <Attr Name="ImportTime" Val="1600537452"/>
        <Attr Name="UsedIn" Val="synthesis"/>
        <Attr Name="UsedIn" Val="simulation"/>
      </FileInfo>
    </File>
    <File Path="$PSRCDIR/sources_1/new/top_posicionamiento.vhd">
      <FileInfo>
        <Attr Name="ImportPath" Val="D:/carlo/UNIVERSIDAD/TFM/MICROSCOPIO/full_micro_v6/full_micro_v6.srcs/sources_1/new/top_posicionamiento.vhd"/>
        <Attr Name="ImportTime" Val="1627576544"/>
        <Attr Name="UsedIn" Val="synthesis"/>
        <Attr Name="UsedIn" Val="simulation"/>
      </FileInfo>
    </File>
    <File Path="$PSRCDIR/sources_1/imports/vhd/vga_display.vhd">
      <FileInfo>
        <Attr Name="ImportPath" Val="D:/carlo/UNIVERSIDAD/TFM/2 - VHDL/3 - UART+CAM/vhd/vga_display.vhd"/>
        <Attr Name="ImportTime" Val="1600537452"/>
        <Attr Name="UsedIn" Val="synthesis"/>
        <Attr Name="UsedIn" Val="simulation"/>
      </FileInfo>
    </File>
    <File Path="$PSRCDIR/sources_1/imports/vhd/vga_sync.vhd">
      <FileInfo>
        <Attr Name="ImportPath" Val="D:/carlo/UNIVERSIDAD/TFM/2 - VHDL/3 - UART+CAM/vhd/vga_sync.vhd"/>
        <Attr Name="ImportTime" Val="1600537452"/>
        <Attr Name="UsedIn" Val="synthesis"/>
        <Attr Name="UsedIn" Val="simulation"/>
      </FileInfo>
    </File>
    <File Path="$PSRCDIR/sources_1/new/top_microscopio.vhd">
      <FileInfo>
        <Attr Name="ImportPath" Val="D:/carlo/UNIVERSIDAD/TFM/MICROSCOPIO/full_micro_V3/full_micro_V3.srcs/sources_1/new/top_microscopio.vhd"/>
        <Attr Name="ImportTime" Val="1627195084"/>
        <Attr Name="UsedIn" Val="synthesis"/>
        <Attr Name="UsedIn" Val="simulation"/>
      </FileInfo>
    </File>
    <Config>
      <Option Name="DesignMode" Val="RTL"/>
      <Option Name="TopModule" Val="top_microscopio"/>
      <Option Name="TopAutoSet" Val="TRUE"/>
    </Config>
  </FileSet>
  <FileSet Name="constrs_in" Type="Constrs" RelSrcDir="$PSRCDIR/constrs_1">
    <Filter Type="Constrs"/>
    <File Path="$PSRCDIR/constrs_1/imports/Desktop/Nexys-4-DDR-Master.xdc">
      <FileInfo>
        <Attr Name="ImportPath" Val="D:/carlo/UNIVERSIDAD/TFM/2 - VHDL/3 - UART+CAM/2 - CAM/prueba_camara/prueba_camara.srcs/constrs_1/imports/Desktop/Nexys-4-DDR-Master.xdc"/>
        <Attr Name="ImportTime" Val="1600598172"/>
        <Attr Name="UsedIn" Val="synthesis"/>
        <Attr Name="UsedIn" Val="implementation"/>
      </FileInfo>
    </File>
    <Config>
      <Option Name="TargetConstrsFile" Val="$PSRCDIR/constrs_1/imports/Desktop/Nexys-4-DDR-Master.xdc"/>
      <Option Name="ConstrsType" Val="XDC"/>
    </Config>
  </FileSet>
  <FileSet Name="utils" Type="Utils" RelSrcDir="$PSRCDIR/utils_1">
    <Filter Type="Utils"/>
    <Config>
      <Option Name="TopAutoSet" Val="TRUE"/>
    </Config>
  </FileSet>
  <Strategy Version="1" Minor="2">
    <StratHandle Name="Vivado Synthesis Defaults" Flow="Vivado Synthesis 2019"/>
    <Step Id="synth_design"/>
  </Strategy>
</GenRun>
